iterations,avg_time_taken
50,0.022216267585754394
100,0.03316161632537842
150,0.044004840850830076
200,0.05425438404083252
250,0.06458034038543702
300,0.07627590656280518
350,0.08723944664001465
400,0.09707635402679443
450,0.10808733940124511
500,0.11900879383087158
