iterations,avg_time_taken
50,0.014990568
100,0.015412092
150,0.015552044
200,0.0167346
250,0.016608953
300,0.017804384
350,0.017975807
400,0.018006086
450,0.017959595
500,0.020136803
