iterations,avg_time_taken
50,1.2199309158325196
100,1.6773718738555907
150,2.1143043851852417
200,2.557831840515137
250,3.0109992027282715
300,3.465509214401245
350,3.930641794204712
400,4.384881076812744
450,4.831399865150452
500,5.288266563415528
