iterations,avg_time_taken
50,0.5732126569747925
100,0.7972845649719238
150,1.029772686958313
200,1.2548620653152467
250,1.4831348848342896
300,1.7116991043090821
350,1.924315037727356
400,2.1550757837295533
450,2.3870187425613403
500,2.6260395574569704
